"tube_id","measurement_timepoint","measurement_date","health_score","notes"
"T0001",0,NA,NA,NA
"T0002",0,NA,NA,NA
"T0003",0,NA,NA,NA
"T0004",0,NA,NA,NA
"T0005",0,NA,NA,NA
"T0006",0,NA,NA,NA
"T0007",0,NA,NA,NA
"T0008",0,NA,NA,NA
"T0009",0,NA,NA,NA
"T0010",0,NA,NA,NA
"T0011",0,NA,NA,NA
"T0012",0,NA,NA,NA
"T0013",0,NA,NA,NA
"T0014",0,NA,NA,NA
"T0015",0,NA,NA,NA
"T0016",0,NA,NA,NA
"T0017",0,NA,NA,NA
"T0018",0,NA,NA,NA
"T0019",0,NA,NA,NA
"T0020",0,NA,NA,NA
"T0021",0,NA,NA,NA
"T0022",0,NA,NA,NA
"T0023",0,NA,NA,NA
"T0024",0,NA,NA,NA
"T0025",0,NA,NA,NA
"T0026",0,NA,NA,NA
"T0027",0,NA,NA,NA
"T0028",0,NA,NA,NA
"T0029",0,NA,NA,NA
"T0030",0,NA,NA,NA
"T0031",0,NA,NA,NA
"T0032",0,NA,NA,NA
"T0033",0,NA,NA,NA
"T0034",0,NA,NA,NA
"T0035",0,NA,NA,NA
"T0036",0,NA,NA,NA
"T0037",0,NA,NA,NA
"T0038",0,NA,NA,NA
"T0039",0,NA,NA,NA
"T0040",0,NA,NA,NA
"T0041",0,NA,NA,NA
"T0042",0,NA,NA,NA
"T0043",0,NA,NA,NA
"T0044",0,NA,NA,NA
"T0045",0,NA,NA,NA
"T0046",0,NA,NA,NA
"T0047",0,NA,NA,NA
"T0048",0,NA,NA,NA
"T0049",0,NA,NA,NA
"T0050",0,NA,NA,NA
"T0051",0,NA,NA,NA
"T0052",0,NA,NA,NA
"T0053",0,NA,NA,NA
"T0054",0,NA,NA,NA
"T0055",0,NA,NA,NA
"T0056",0,NA,NA,NA
"T0057",0,NA,NA,NA
"T0058",0,NA,NA,NA
"T0059",0,NA,NA,NA
"T0060",0,NA,NA,NA
"T0061",0,NA,NA,NA
"T0062",0,NA,NA,NA
"T0063",0,NA,NA,NA
"T0064",0,NA,NA,NA
"T0065",0,NA,NA,NA
"T0066",0,NA,NA,NA
"T0067",0,NA,NA,NA
"T0068",0,NA,NA,NA
"T0069",0,NA,NA,NA
"T0070",0,NA,NA,NA
"T0071",0,NA,NA,NA
"T0072",0,NA,NA,NA
"T0073",0,NA,NA,NA
"T0074",0,NA,NA,NA
"T0075",0,NA,NA,NA
"T0076",0,NA,NA,NA
"T0077",0,NA,NA,NA
"T0078",0,NA,NA,NA
"T0079",0,NA,NA,NA
"T0080",0,NA,NA,NA
"T0081",0,NA,NA,NA
"T0082",0,NA,NA,NA
"T0083",0,NA,NA,NA
"T0084",0,NA,NA,NA
"T0085",0,NA,NA,NA
"T0086",0,NA,NA,NA
"T0087",0,NA,NA,NA
"T0088",0,NA,NA,NA
"T0089",0,NA,NA,NA
"T0090",0,NA,NA,NA
"T0091",0,NA,NA,NA
"T0092",0,NA,NA,NA
"T0093",0,NA,NA,NA
"T0094",0,NA,NA,NA
"T0095",0,NA,NA,NA
"T0096",0,NA,NA,NA
"T0097",0,NA,NA,NA
"T0098",0,NA,NA,NA
"T0099",0,NA,NA,NA
"T0100",0,NA,NA,NA
"T0101",0,NA,NA,NA
"T0102",0,NA,NA,NA
"T0103",0,NA,NA,NA
"T0104",0,NA,NA,NA
"T0105",0,NA,NA,NA
"T0106",0,NA,NA,NA
"T0107",0,NA,NA,NA
"T0108",0,NA,NA,NA
"T0109",0,NA,NA,NA
"T0110",0,NA,NA,NA
"T0111",0,NA,NA,NA
"T0112",0,NA,NA,NA
"T0113",0,NA,NA,NA
"T0114",0,NA,NA,NA
"T0115",0,NA,NA,NA
"T0116",0,NA,NA,NA
"T0117",0,NA,NA,NA
"T0118",0,NA,NA,NA
"T0119",0,NA,NA,NA
"T0120",0,NA,NA,NA
"T0121",0,NA,NA,NA
"T0122",0,NA,NA,NA
"T0123",0,NA,NA,NA
"T0124",0,NA,NA,NA
"T0125",0,NA,NA,NA
"T0126",0,NA,NA,NA
"T0127",0,NA,NA,NA
"T0128",0,NA,NA,NA
"T0129",0,NA,NA,NA
"T0130",0,NA,NA,NA
"T0131",0,NA,NA,NA
"T0132",0,NA,NA,NA
"T0133",0,NA,NA,NA
"T0134",0,NA,NA,NA
"T0135",0,NA,NA,NA
"T0136",0,NA,NA,NA
"T0137",0,NA,NA,NA
"T0138",0,NA,NA,NA
"T0139",0,NA,NA,NA
"T0140",0,NA,NA,NA
"T0141",0,NA,NA,NA
"T0142",0,NA,NA,NA
"T0143",0,NA,NA,NA
"T0144",0,NA,NA,NA
"T0145",0,NA,NA,NA
"T0146",0,NA,NA,NA
"T0147",0,NA,NA,NA
"T0148",0,NA,NA,NA
"T0149",0,NA,NA,NA
"T0150",0,NA,NA,NA
"T0151",0,NA,NA,NA
"T0152",0,NA,NA,NA
"T0153",0,NA,NA,NA
"T0154",0,NA,NA,NA
"T0155",0,NA,NA,NA
"T0156",0,NA,NA,NA
"T0157",0,NA,NA,NA
"T0158",0,NA,NA,NA
"T0159",0,NA,NA,NA
"T0160",0,NA,NA,NA
"T0161",0,NA,NA,NA
"T0162",0,NA,NA,NA
"T0163",0,NA,NA,NA
"T0164",0,NA,NA,NA
"T0165",0,NA,NA,NA
"T0166",0,NA,NA,NA
"T0167",0,NA,NA,NA
"T0168",0,NA,NA,NA
"T0169",0,NA,NA,NA
"T0170",0,NA,NA,NA
"T0171",0,NA,NA,NA
"T0172",0,NA,NA,NA
"T0173",0,NA,NA,NA
"T0174",0,NA,NA,NA
"T0175",0,NA,NA,NA
"T0176",0,NA,NA,NA
"T0177",0,NA,NA,NA
"T0178",0,NA,NA,NA
"T0179",0,NA,NA,NA
"T0180",0,NA,NA,NA
"T0181",0,NA,NA,NA
"T0182",0,NA,NA,NA
"T0183",0,NA,NA,NA
"T0184",0,NA,NA,NA
"T0185",0,NA,NA,NA
"T0186",0,NA,NA,NA
"T0187",0,NA,NA,NA
"T0188",0,NA,NA,NA
"T0189",0,NA,NA,NA
"T0190",0,NA,NA,NA
"T0191",0,NA,NA,NA
"T0192",0,NA,NA,NA
"T0193",0,NA,NA,NA
"T0194",0,NA,NA,NA
"T0195",0,NA,NA,NA
"T0196",0,NA,NA,NA
"T0197",0,NA,NA,NA
"T0198",0,NA,NA,NA
"T0199",0,NA,NA,NA
"T0200",0,NA,NA,NA
"T0201",0,NA,NA,NA
"T0202",0,NA,NA,NA
"T0203",0,NA,NA,NA
"T0204",0,NA,NA,NA
"T0205",0,NA,NA,NA
"T0206",0,NA,NA,NA
"T0207",0,NA,NA,NA
"T0208",0,NA,NA,NA
"T0209",0,NA,NA,NA
"T0210",0,NA,NA,NA
"T0211",0,NA,NA,NA
"T0212",0,NA,NA,NA
"T0213",0,NA,NA,NA
"T0214",0,NA,NA,NA
"T0215",0,NA,NA,NA
"T0216",0,NA,NA,NA
"T0217",0,NA,NA,NA
"T0218",0,NA,NA,NA
"T0219",0,NA,NA,NA
"T0220",0,NA,NA,NA
"T0221",0,NA,NA,NA
"T0222",0,NA,NA,NA
"T0223",0,NA,NA,NA
"T0224",0,NA,NA,NA
"T0225",0,NA,NA,NA
"T0226",0,NA,NA,NA
"T0227",0,NA,NA,NA
"T0228",0,NA,NA,NA
"T0229",0,NA,NA,NA
"T0230",0,NA,NA,NA
"T0231",0,NA,NA,NA
"T0232",0,NA,NA,NA
"T0233",0,NA,NA,NA
"T0234",0,NA,NA,NA
"T0235",0,NA,NA,NA
"T0236",0,NA,NA,NA
"T0237",0,NA,NA,NA
"T0238",0,NA,NA,NA
"T0239",0,NA,NA,NA
"T0240",0,NA,NA,NA
"T0241",0,NA,NA,NA
"T0242",0,NA,NA,NA
"T0243",0,NA,NA,NA
"T0244",0,NA,NA,NA
"T0245",0,NA,NA,NA
"T0246",0,NA,NA,NA
"T0247",0,NA,NA,NA
"T0248",0,NA,NA,NA
"T0249",0,NA,NA,NA
"T0250",0,NA,NA,NA
"T0251",0,NA,NA,NA
"T0252",0,NA,NA,NA
"T0253",0,NA,NA,NA
"T0254",0,NA,NA,NA
"T0255",0,NA,NA,NA
"T0256",0,NA,NA,NA
"T0257",0,NA,NA,NA
"T0258",0,NA,NA,NA
"T0259",0,NA,NA,NA
"T0260",0,NA,NA,NA
"T0261",0,NA,NA,NA
"T0262",0,NA,NA,NA
"T0263",0,NA,NA,NA
"T0264",0,NA,NA,NA
"T0265",0,NA,NA,NA
"T0266",0,NA,NA,NA
"T0267",0,NA,NA,NA
"T0268",0,NA,NA,NA
"T0269",0,NA,NA,NA
"T0270",0,NA,NA,NA
"T0271",0,NA,NA,NA
"T0272",0,NA,NA,NA
"T0273",0,NA,NA,NA
"T0274",0,NA,NA,NA
"T0275",0,NA,NA,NA
"T0276",0,NA,NA,NA
"T0277",0,NA,NA,NA
"T0278",0,NA,NA,NA
"T0279",0,NA,NA,NA
"T0280",0,NA,NA,NA
"T0001",1,NA,NA,NA
"T0002",1,NA,NA,NA
"T0003",1,NA,NA,NA
"T0004",1,NA,NA,NA
"T0005",1,NA,NA,NA
"T0006",1,NA,NA,NA
"T0007",1,NA,NA,NA
"T0008",1,NA,NA,NA
"T0009",1,NA,NA,NA
"T0010",1,NA,NA,NA
"T0011",1,NA,NA,NA
"T0012",1,NA,NA,NA
"T0013",1,NA,NA,NA
"T0014",1,NA,NA,NA
"T0015",1,NA,NA,NA
"T0016",1,NA,NA,NA
"T0017",1,NA,NA,NA
"T0018",1,NA,NA,NA
"T0019",1,NA,NA,NA
"T0020",1,NA,NA,NA
"T0021",1,NA,NA,NA
"T0022",1,NA,NA,NA
"T0023",1,NA,NA,NA
"T0024",1,NA,NA,NA
"T0025",1,NA,NA,NA
"T0026",1,NA,NA,NA
"T0027",1,NA,NA,NA
"T0028",1,NA,NA,NA
"T0029",1,NA,NA,NA
"T0030",1,NA,NA,NA
"T0031",1,NA,NA,NA
"T0032",1,NA,NA,NA
"T0033",1,NA,NA,NA
"T0034",1,NA,NA,NA
"T0035",1,NA,NA,NA
"T0036",1,NA,NA,NA
"T0037",1,NA,NA,NA
"T0038",1,NA,NA,NA
"T0039",1,NA,NA,NA
"T0040",1,NA,NA,NA
"T0041",1,NA,NA,NA
"T0042",1,NA,NA,NA
"T0043",1,NA,NA,NA
"T0044",1,NA,NA,NA
"T0045",1,NA,NA,NA
"T0046",1,NA,NA,NA
"T0047",1,NA,NA,NA
"T0048",1,NA,NA,NA
"T0049",1,NA,NA,NA
"T0050",1,NA,NA,NA
"T0051",1,NA,NA,NA
"T0052",1,NA,NA,NA
"T0053",1,NA,NA,NA
"T0054",1,NA,NA,NA
"T0055",1,NA,NA,NA
"T0056",1,NA,NA,NA
"T0057",1,NA,NA,NA
"T0058",1,NA,NA,NA
"T0059",1,NA,NA,NA
"T0060",1,NA,NA,NA
"T0061",1,NA,NA,NA
"T0062",1,NA,NA,NA
"T0063",1,NA,NA,NA
"T0064",1,NA,NA,NA
"T0065",1,NA,NA,NA
"T0066",1,NA,NA,NA
"T0067",1,NA,NA,NA
"T0068",1,NA,NA,NA
"T0069",1,NA,NA,NA
"T0070",1,NA,NA,NA
"T0071",1,NA,NA,NA
"T0072",1,NA,NA,NA
"T0073",1,NA,NA,NA
"T0074",1,NA,NA,NA
"T0075",1,NA,NA,NA
"T0076",1,NA,NA,NA
"T0077",1,NA,NA,NA
"T0078",1,NA,NA,NA
"T0079",1,NA,NA,NA
"T0080",1,NA,NA,NA
"T0081",1,NA,NA,NA
"T0082",1,NA,NA,NA
"T0083",1,NA,NA,NA
"T0084",1,NA,NA,NA
"T0085",1,NA,NA,NA
"T0086",1,NA,NA,NA
"T0087",1,NA,NA,NA
"T0088",1,NA,NA,NA
"T0089",1,NA,NA,NA
"T0090",1,NA,NA,NA
"T0091",1,NA,NA,NA
"T0092",1,NA,NA,NA
"T0093",1,NA,NA,NA
"T0094",1,NA,NA,NA
"T0095",1,NA,NA,NA
"T0096",1,NA,NA,NA
"T0097",1,NA,NA,NA
"T0098",1,NA,NA,NA
"T0099",1,NA,NA,NA
"T0100",1,NA,NA,NA
"T0101",1,NA,NA,NA
"T0102",1,NA,NA,NA
"T0103",1,NA,NA,NA
"T0104",1,NA,NA,NA
"T0105",1,NA,NA,NA
"T0106",1,NA,NA,NA
"T0107",1,NA,NA,NA
"T0108",1,NA,NA,NA
"T0109",1,NA,NA,NA
"T0110",1,NA,NA,NA
"T0111",1,NA,NA,NA
"T0112",1,NA,NA,NA
"T0113",1,NA,NA,NA
"T0114",1,NA,NA,NA
"T0115",1,NA,NA,NA
"T0116",1,NA,NA,NA
"T0117",1,NA,NA,NA
"T0118",1,NA,NA,NA
"T0119",1,NA,NA,NA
"T0120",1,NA,NA,NA
"T0121",1,NA,NA,NA
"T0122",1,NA,NA,NA
"T0123",1,NA,NA,NA
"T0124",1,NA,NA,NA
"T0125",1,NA,NA,NA
"T0126",1,NA,NA,NA
"T0127",1,NA,NA,NA
"T0128",1,NA,NA,NA
"T0129",1,NA,NA,NA
"T0130",1,NA,NA,NA
"T0131",1,NA,NA,NA
"T0132",1,NA,NA,NA
"T0133",1,NA,NA,NA
"T0134",1,NA,NA,NA
"T0135",1,NA,NA,NA
"T0136",1,NA,NA,NA
"T0137",1,NA,NA,NA
"T0138",1,NA,NA,NA
"T0139",1,NA,NA,NA
"T0140",1,NA,NA,NA
"T0141",1,NA,NA,NA
"T0142",1,NA,NA,NA
"T0143",1,NA,NA,NA
"T0144",1,NA,NA,NA
"T0145",1,NA,NA,NA
"T0146",1,NA,NA,NA
"T0147",1,NA,NA,NA
"T0148",1,NA,NA,NA
"T0149",1,NA,NA,NA
"T0150",1,NA,NA,NA
"T0151",1,NA,NA,NA
"T0152",1,NA,NA,NA
"T0153",1,NA,NA,NA
"T0154",1,NA,NA,NA
"T0155",1,NA,NA,NA
"T0156",1,NA,NA,NA
"T0157",1,NA,NA,NA
"T0158",1,NA,NA,NA
"T0159",1,NA,NA,NA
"T0160",1,NA,NA,NA
"T0161",1,NA,NA,NA
"T0162",1,NA,NA,NA
"T0163",1,NA,NA,NA
"T0164",1,NA,NA,NA
"T0165",1,NA,NA,NA
"T0166",1,NA,NA,NA
"T0167",1,NA,NA,NA
"T0168",1,NA,NA,NA
"T0169",1,NA,NA,NA
"T0170",1,NA,NA,NA
"T0171",1,NA,NA,NA
"T0172",1,NA,NA,NA
"T0173",1,NA,NA,NA
"T0174",1,NA,NA,NA
"T0175",1,NA,NA,NA
"T0176",1,NA,NA,NA
"T0177",1,NA,NA,NA
"T0178",1,NA,NA,NA
"T0179",1,NA,NA,NA
"T0180",1,NA,NA,NA
"T0181",1,NA,NA,NA
"T0182",1,NA,NA,NA
"T0183",1,NA,NA,NA
"T0184",1,NA,NA,NA
"T0185",1,NA,NA,NA
"T0186",1,NA,NA,NA
"T0187",1,NA,NA,NA
"T0188",1,NA,NA,NA
"T0189",1,NA,NA,NA
"T0190",1,NA,NA,NA
"T0191",1,NA,NA,NA
"T0192",1,NA,NA,NA
"T0193",1,NA,NA,NA
"T0194",1,NA,NA,NA
"T0195",1,NA,NA,NA
"T0196",1,NA,NA,NA
"T0197",1,NA,NA,NA
"T0198",1,NA,NA,NA
"T0199",1,NA,NA,NA
"T0200",1,NA,NA,NA
"T0201",1,NA,NA,NA
"T0202",1,NA,NA,NA
"T0203",1,NA,NA,NA
"T0204",1,NA,NA,NA
"T0205",1,NA,NA,NA
"T0206",1,NA,NA,NA
"T0207",1,NA,NA,NA
"T0208",1,NA,NA,NA
"T0209",1,NA,NA,NA
"T0210",1,NA,NA,NA
"T0211",1,NA,NA,NA
"T0212",1,NA,NA,NA
"T0213",1,NA,NA,NA
"T0214",1,NA,NA,NA
"T0215",1,NA,NA,NA
"T0216",1,NA,NA,NA
"T0217",1,NA,NA,NA
"T0218",1,NA,NA,NA
"T0219",1,NA,NA,NA
"T0220",1,NA,NA,NA
"T0221",1,NA,NA,NA
"T0222",1,NA,NA,NA
"T0223",1,NA,NA,NA
"T0224",1,NA,NA,NA
"T0225",1,NA,NA,NA
"T0226",1,NA,NA,NA
"T0227",1,NA,NA,NA
"T0228",1,NA,NA,NA
"T0229",1,NA,NA,NA
"T0230",1,NA,NA,NA
"T0231",1,NA,NA,NA
"T0232",1,NA,NA,NA
"T0233",1,NA,NA,NA
"T0234",1,NA,NA,NA
"T0235",1,NA,NA,NA
"T0236",1,NA,NA,NA
"T0237",1,NA,NA,NA
"T0238",1,NA,NA,NA
"T0239",1,NA,NA,NA
"T0240",1,NA,NA,NA
"T0241",1,NA,NA,NA
"T0242",1,NA,NA,NA
"T0243",1,NA,NA,NA
"T0244",1,NA,NA,NA
"T0245",1,NA,NA,NA
"T0246",1,NA,NA,NA
"T0247",1,NA,NA,NA
"T0248",1,NA,NA,NA
"T0249",1,NA,NA,NA
"T0250",1,NA,NA,NA
"T0251",1,NA,NA,NA
"T0252",1,NA,NA,NA
"T0253",1,NA,NA,NA
"T0254",1,NA,NA,NA
"T0255",1,NA,NA,NA
"T0256",1,NA,NA,NA
"T0257",1,NA,NA,NA
"T0258",1,NA,NA,NA
"T0259",1,NA,NA,NA
"T0260",1,NA,NA,NA
"T0261",1,NA,NA,NA
"T0262",1,NA,NA,NA
"T0263",1,NA,NA,NA
"T0264",1,NA,NA,NA
"T0265",1,NA,NA,NA
"T0266",1,NA,NA,NA
"T0267",1,NA,NA,NA
"T0268",1,NA,NA,NA
"T0269",1,NA,NA,NA
"T0270",1,NA,NA,NA
"T0271",1,NA,NA,NA
"T0272",1,NA,NA,NA
"T0273",1,NA,NA,NA
"T0274",1,NA,NA,NA
"T0275",1,NA,NA,NA
"T0276",1,NA,NA,NA
"T0277",1,NA,NA,NA
"T0278",1,NA,NA,NA
"T0279",1,NA,NA,NA
"T0280",1,NA,NA,NA
"T0001",2,NA,NA,NA
"T0002",2,NA,NA,NA
"T0003",2,NA,NA,NA
"T0004",2,NA,NA,NA
"T0005",2,NA,NA,NA
"T0006",2,NA,NA,NA
"T0007",2,NA,NA,NA
"T0008",2,NA,NA,NA
"T0009",2,NA,NA,NA
"T0010",2,NA,NA,NA
"T0011",2,NA,NA,NA
"T0012",2,NA,NA,NA
"T0013",2,NA,NA,NA
"T0014",2,NA,NA,NA
"T0015",2,NA,NA,NA
"T0016",2,NA,NA,NA
"T0017",2,NA,NA,NA
"T0018",2,NA,NA,NA
"T0019",2,NA,NA,NA
"T0020",2,NA,NA,NA
"T0021",2,NA,NA,NA
"T0022",2,NA,NA,NA
"T0023",2,NA,NA,NA
"T0024",2,NA,NA,NA
"T0025",2,NA,NA,NA
"T0026",2,NA,NA,NA
"T0027",2,NA,NA,NA
"T0028",2,NA,NA,NA
"T0029",2,NA,NA,NA
"T0030",2,NA,NA,NA
"T0031",2,NA,NA,NA
"T0032",2,NA,NA,NA
"T0033",2,NA,NA,NA
"T0034",2,NA,NA,NA
"T0035",2,NA,NA,NA
"T0036",2,NA,NA,NA
"T0037",2,NA,NA,NA
"T0038",2,NA,NA,NA
"T0039",2,NA,NA,NA
"T0040",2,NA,NA,NA
"T0041",2,NA,NA,NA
"T0042",2,NA,NA,NA
"T0043",2,NA,NA,NA
"T0044",2,NA,NA,NA
"T0045",2,NA,NA,NA
"T0046",2,NA,NA,NA
"T0047",2,NA,NA,NA
"T0048",2,NA,NA,NA
"T0049",2,NA,NA,NA
"T0050",2,NA,NA,NA
"T0051",2,NA,NA,NA
"T0052",2,NA,NA,NA
"T0053",2,NA,NA,NA
"T0054",2,NA,NA,NA
"T0055",2,NA,NA,NA
"T0056",2,NA,NA,NA
"T0057",2,NA,NA,NA
"T0058",2,NA,NA,NA
"T0059",2,NA,NA,NA
"T0060",2,NA,NA,NA
"T0061",2,NA,NA,NA
"T0062",2,NA,NA,NA
"T0063",2,NA,NA,NA
"T0064",2,NA,NA,NA
"T0065",2,NA,NA,NA
"T0066",2,NA,NA,NA
"T0067",2,NA,NA,NA
"T0068",2,NA,NA,NA
"T0069",2,NA,NA,NA
"T0070",2,NA,NA,NA
"T0071",2,NA,NA,NA
"T0072",2,NA,NA,NA
"T0073",2,NA,NA,NA
"T0074",2,NA,NA,NA
"T0075",2,NA,NA,NA
"T0076",2,NA,NA,NA
"T0077",2,NA,NA,NA
"T0078",2,NA,NA,NA
"T0079",2,NA,NA,NA
"T0080",2,NA,NA,NA
"T0081",2,NA,NA,NA
"T0082",2,NA,NA,NA
"T0083",2,NA,NA,NA
"T0084",2,NA,NA,NA
"T0085",2,NA,NA,NA
"T0086",2,NA,NA,NA
"T0087",2,NA,NA,NA
"T0088",2,NA,NA,NA
"T0089",2,NA,NA,NA
"T0090",2,NA,NA,NA
"T0091",2,NA,NA,NA
"T0092",2,NA,NA,NA
"T0093",2,NA,NA,NA
"T0094",2,NA,NA,NA
"T0095",2,NA,NA,NA
"T0096",2,NA,NA,NA
"T0097",2,NA,NA,NA
"T0098",2,NA,NA,NA
"T0099",2,NA,NA,NA
"T0100",2,NA,NA,NA
"T0101",2,NA,NA,NA
"T0102",2,NA,NA,NA
"T0103",2,NA,NA,NA
"T0104",2,NA,NA,NA
"T0105",2,NA,NA,NA
"T0106",2,NA,NA,NA
"T0107",2,NA,NA,NA
"T0108",2,NA,NA,NA
"T0109",2,NA,NA,NA
"T0110",2,NA,NA,NA
"T0111",2,NA,NA,NA
"T0112",2,NA,NA,NA
"T0113",2,NA,NA,NA
"T0114",2,NA,NA,NA
"T0115",2,NA,NA,NA
"T0116",2,NA,NA,NA
"T0117",2,NA,NA,NA
"T0118",2,NA,NA,NA
"T0119",2,NA,NA,NA
"T0120",2,NA,NA,NA
"T0121",2,NA,NA,NA
"T0122",2,NA,NA,NA
"T0123",2,NA,NA,NA
"T0124",2,NA,NA,NA
"T0125",2,NA,NA,NA
"T0126",2,NA,NA,NA
"T0127",2,NA,NA,NA
"T0128",2,NA,NA,NA
"T0129",2,NA,NA,NA
"T0130",2,NA,NA,NA
"T0131",2,NA,NA,NA
"T0132",2,NA,NA,NA
"T0133",2,NA,NA,NA
"T0134",2,NA,NA,NA
"T0135",2,NA,NA,NA
"T0136",2,NA,NA,NA
"T0137",2,NA,NA,NA
"T0138",2,NA,NA,NA
"T0139",2,NA,NA,NA
"T0140",2,NA,NA,NA
"T0141",2,NA,NA,NA
"T0142",2,NA,NA,NA
"T0143",2,NA,NA,NA
"T0144",2,NA,NA,NA
"T0145",2,NA,NA,NA
"T0146",2,NA,NA,NA
"T0147",2,NA,NA,NA
"T0148",2,NA,NA,NA
"T0149",2,NA,NA,NA
"T0150",2,NA,NA,NA
"T0151",2,NA,NA,NA
"T0152",2,NA,NA,NA
"T0153",2,NA,NA,NA
"T0154",2,NA,NA,NA
"T0155",2,NA,NA,NA
"T0156",2,NA,NA,NA
"T0157",2,NA,NA,NA
"T0158",2,NA,NA,NA
"T0159",2,NA,NA,NA
"T0160",2,NA,NA,NA
"T0161",2,NA,NA,NA
"T0162",2,NA,NA,NA
"T0163",2,NA,NA,NA
"T0164",2,NA,NA,NA
"T0165",2,NA,NA,NA
"T0166",2,NA,NA,NA
"T0167",2,NA,NA,NA
"T0168",2,NA,NA,NA
"T0169",2,NA,NA,NA
"T0170",2,NA,NA,NA
"T0171",2,NA,NA,NA
"T0172",2,NA,NA,NA
"T0173",2,NA,NA,NA
"T0174",2,NA,NA,NA
"T0175",2,NA,NA,NA
"T0176",2,NA,NA,NA
"T0177",2,NA,NA,NA
"T0178",2,NA,NA,NA
"T0179",2,NA,NA,NA
"T0180",2,NA,NA,NA
"T0181",2,NA,NA,NA
"T0182",2,NA,NA,NA
"T0183",2,NA,NA,NA
"T0184",2,NA,NA,NA
"T0185",2,NA,NA,NA
"T0186",2,NA,NA,NA
"T0187",2,NA,NA,NA
"T0188",2,NA,NA,NA
"T0189",2,NA,NA,NA
"T0190",2,NA,NA,NA
"T0191",2,NA,NA,NA
"T0192",2,NA,NA,NA
"T0193",2,NA,NA,NA
"T0194",2,NA,NA,NA
"T0195",2,NA,NA,NA
"T0196",2,NA,NA,NA
"T0197",2,NA,NA,NA
"T0198",2,NA,NA,NA
"T0199",2,NA,NA,NA
"T0200",2,NA,NA,NA
"T0201",2,NA,NA,NA
"T0202",2,NA,NA,NA
"T0203",2,NA,NA,NA
"T0204",2,NA,NA,NA
"T0205",2,NA,NA,NA
"T0206",2,NA,NA,NA
"T0207",2,NA,NA,NA
"T0208",2,NA,NA,NA
"T0209",2,NA,NA,NA
"T0210",2,NA,NA,NA
"T0211",2,NA,NA,NA
"T0212",2,NA,NA,NA
"T0213",2,NA,NA,NA
"T0214",2,NA,NA,NA
"T0215",2,NA,NA,NA
"T0216",2,NA,NA,NA
"T0217",2,NA,NA,NA
"T0218",2,NA,NA,NA
"T0219",2,NA,NA,NA
"T0220",2,NA,NA,NA
"T0221",2,NA,NA,NA
"T0222",2,NA,NA,NA
"T0223",2,NA,NA,NA
"T0224",2,NA,NA,NA
"T0225",2,NA,NA,NA
"T0226",2,NA,NA,NA
"T0227",2,NA,NA,NA
"T0228",2,NA,NA,NA
"T0229",2,NA,NA,NA
"T0230",2,NA,NA,NA
"T0231",2,NA,NA,NA
"T0232",2,NA,NA,NA
"T0233",2,NA,NA,NA
"T0234",2,NA,NA,NA
"T0235",2,NA,NA,NA
"T0236",2,NA,NA,NA
"T0237",2,NA,NA,NA
"T0238",2,NA,NA,NA
"T0239",2,NA,NA,NA
"T0240",2,NA,NA,NA
"T0241",2,NA,NA,NA
"T0242",2,NA,NA,NA
"T0243",2,NA,NA,NA
"T0244",2,NA,NA,NA
"T0245",2,NA,NA,NA
"T0246",2,NA,NA,NA
"T0247",2,NA,NA,NA
"T0248",2,NA,NA,NA
"T0249",2,NA,NA,NA
"T0250",2,NA,NA,NA
"T0251",2,NA,NA,NA
"T0252",2,NA,NA,NA
"T0253",2,NA,NA,NA
"T0254",2,NA,NA,NA
"T0255",2,NA,NA,NA
"T0256",2,NA,NA,NA
"T0257",2,NA,NA,NA
"T0258",2,NA,NA,NA
"T0259",2,NA,NA,NA
"T0260",2,NA,NA,NA
"T0261",2,NA,NA,NA
"T0262",2,NA,NA,NA
"T0263",2,NA,NA,NA
"T0264",2,NA,NA,NA
"T0265",2,NA,NA,NA
"T0266",2,NA,NA,NA
"T0267",2,NA,NA,NA
"T0268",2,NA,NA,NA
"T0269",2,NA,NA,NA
"T0270",2,NA,NA,NA
"T0271",2,NA,NA,NA
"T0272",2,NA,NA,NA
"T0273",2,NA,NA,NA
"T0274",2,NA,NA,NA
"T0275",2,NA,NA,NA
"T0276",2,NA,NA,NA
"T0277",2,NA,NA,NA
"T0278",2,NA,NA,NA
"T0279",2,NA,NA,NA
"T0280",2,NA,NA,NA
"T0001",3,NA,NA,NA
"T0002",3,NA,NA,NA
"T0003",3,NA,NA,NA
"T0004",3,NA,NA,NA
"T0005",3,NA,NA,NA
"T0006",3,NA,NA,NA
"T0007",3,NA,NA,NA
"T0008",3,NA,NA,NA
"T0009",3,NA,NA,NA
"T0010",3,NA,NA,NA
"T0011",3,NA,NA,NA
"T0012",3,NA,NA,NA
"T0013",3,NA,NA,NA
"T0014",3,NA,NA,NA
"T0015",3,NA,NA,NA
"T0016",3,NA,NA,NA
"T0017",3,NA,NA,NA
"T0018",3,NA,NA,NA
"T0019",3,NA,NA,NA
"T0020",3,NA,NA,NA
"T0021",3,NA,NA,NA
"T0022",3,NA,NA,NA
"T0023",3,NA,NA,NA
"T0024",3,NA,NA,NA
"T0025",3,NA,NA,NA
"T0026",3,NA,NA,NA
"T0027",3,NA,NA,NA
"T0028",3,NA,NA,NA
"T0029",3,NA,NA,NA
"T0030",3,NA,NA,NA
"T0031",3,NA,NA,NA
"T0032",3,NA,NA,NA
"T0033",3,NA,NA,NA
"T0034",3,NA,NA,NA
"T0035",3,NA,NA,NA
"T0036",3,NA,NA,NA
"T0037",3,NA,NA,NA
"T0038",3,NA,NA,NA
"T0039",3,NA,NA,NA
"T0040",3,NA,NA,NA
"T0041",3,NA,NA,NA
"T0042",3,NA,NA,NA
"T0043",3,NA,NA,NA
"T0044",3,NA,NA,NA
"T0045",3,NA,NA,NA
"T0046",3,NA,NA,NA
"T0047",3,NA,NA,NA
"T0048",3,NA,NA,NA
"T0049",3,NA,NA,NA
"T0050",3,NA,NA,NA
"T0051",3,NA,NA,NA
"T0052",3,NA,NA,NA
"T0053",3,NA,NA,NA
"T0054",3,NA,NA,NA
"T0055",3,NA,NA,NA
"T0056",3,NA,NA,NA
"T0057",3,NA,NA,NA
"T0058",3,NA,NA,NA
"T0059",3,NA,NA,NA
"T0060",3,NA,NA,NA
"T0061",3,NA,NA,NA
"T0062",3,NA,NA,NA
"T0063",3,NA,NA,NA
"T0064",3,NA,NA,NA
"T0065",3,NA,NA,NA
"T0066",3,NA,NA,NA
"T0067",3,NA,NA,NA
"T0068",3,NA,NA,NA
"T0069",3,NA,NA,NA
"T0070",3,NA,NA,NA
"T0071",3,NA,NA,NA
"T0072",3,NA,NA,NA
"T0073",3,NA,NA,NA
"T0074",3,NA,NA,NA
"T0075",3,NA,NA,NA
"T0076",3,NA,NA,NA
"T0077",3,NA,NA,NA
"T0078",3,NA,NA,NA
"T0079",3,NA,NA,NA
"T0080",3,NA,NA,NA
"T0081",3,NA,NA,NA
"T0082",3,NA,NA,NA
"T0083",3,NA,NA,NA
"T0084",3,NA,NA,NA
"T0085",3,NA,NA,NA
"T0086",3,NA,NA,NA
"T0087",3,NA,NA,NA
"T0088",3,NA,NA,NA
"T0089",3,NA,NA,NA
"T0090",3,NA,NA,NA
"T0091",3,NA,NA,NA
"T0092",3,NA,NA,NA
"T0093",3,NA,NA,NA
"T0094",3,NA,NA,NA
"T0095",3,NA,NA,NA
"T0096",3,NA,NA,NA
"T0097",3,NA,NA,NA
"T0098",3,NA,NA,NA
"T0099",3,NA,NA,NA
"T0100",3,NA,NA,NA
"T0101",3,NA,NA,NA
"T0102",3,NA,NA,NA
"T0103",3,NA,NA,NA
"T0104",3,NA,NA,NA
"T0105",3,NA,NA,NA
"T0106",3,NA,NA,NA
"T0107",3,NA,NA,NA
"T0108",3,NA,NA,NA
"T0109",3,NA,NA,NA
"T0110",3,NA,NA,NA
"T0111",3,NA,NA,NA
"T0112",3,NA,NA,NA
"T0113",3,NA,NA,NA
"T0114",3,NA,NA,NA
"T0115",3,NA,NA,NA
"T0116",3,NA,NA,NA
"T0117",3,NA,NA,NA
"T0118",3,NA,NA,NA
"T0119",3,NA,NA,NA
"T0120",3,NA,NA,NA
"T0121",3,NA,NA,NA
"T0122",3,NA,NA,NA
"T0123",3,NA,NA,NA
"T0124",3,NA,NA,NA
"T0125",3,NA,NA,NA
"T0126",3,NA,NA,NA
"T0127",3,NA,NA,NA
"T0128",3,NA,NA,NA
"T0129",3,NA,NA,NA
"T0130",3,NA,NA,NA
"T0131",3,NA,NA,NA
"T0132",3,NA,NA,NA
"T0133",3,NA,NA,NA
"T0134",3,NA,NA,NA
"T0135",3,NA,NA,NA
"T0136",3,NA,NA,NA
"T0137",3,NA,NA,NA
"T0138",3,NA,NA,NA
"T0139",3,NA,NA,NA
"T0140",3,NA,NA,NA
"T0141",3,NA,NA,NA
"T0142",3,NA,NA,NA
"T0143",3,NA,NA,NA
"T0144",3,NA,NA,NA
"T0145",3,NA,NA,NA
"T0146",3,NA,NA,NA
"T0147",3,NA,NA,NA
"T0148",3,NA,NA,NA
"T0149",3,NA,NA,NA
"T0150",3,NA,NA,NA
"T0151",3,NA,NA,NA
"T0152",3,NA,NA,NA
"T0153",3,NA,NA,NA
"T0154",3,NA,NA,NA
"T0155",3,NA,NA,NA
"T0156",3,NA,NA,NA
"T0157",3,NA,NA,NA
"T0158",3,NA,NA,NA
"T0159",3,NA,NA,NA
"T0160",3,NA,NA,NA
"T0161",3,NA,NA,NA
"T0162",3,NA,NA,NA
"T0163",3,NA,NA,NA
"T0164",3,NA,NA,NA
"T0165",3,NA,NA,NA
"T0166",3,NA,NA,NA
"T0167",3,NA,NA,NA
"T0168",3,NA,NA,NA
"T0169",3,NA,NA,NA
"T0170",3,NA,NA,NA
"T0171",3,NA,NA,NA
"T0172",3,NA,NA,NA
"T0173",3,NA,NA,NA
"T0174",3,NA,NA,NA
"T0175",3,NA,NA,NA
"T0176",3,NA,NA,NA
"T0177",3,NA,NA,NA
"T0178",3,NA,NA,NA
"T0179",3,NA,NA,NA
"T0180",3,NA,NA,NA
"T0181",3,NA,NA,NA
"T0182",3,NA,NA,NA
"T0183",3,NA,NA,NA
"T0184",3,NA,NA,NA
"T0185",3,NA,NA,NA
"T0186",3,NA,NA,NA
"T0187",3,NA,NA,NA
"T0188",3,NA,NA,NA
"T0189",3,NA,NA,NA
"T0190",3,NA,NA,NA
"T0191",3,NA,NA,NA
"T0192",3,NA,NA,NA
"T0193",3,NA,NA,NA
"T0194",3,NA,NA,NA
"T0195",3,NA,NA,NA
"T0196",3,NA,NA,NA
"T0197",3,NA,NA,NA
"T0198",3,NA,NA,NA
"T0199",3,NA,NA,NA
"T0200",3,NA,NA,NA
"T0201",3,NA,NA,NA
"T0202",3,NA,NA,NA
"T0203",3,NA,NA,NA
"T0204",3,NA,NA,NA
"T0205",3,NA,NA,NA
"T0206",3,NA,NA,NA
"T0207",3,NA,NA,NA
"T0208",3,NA,NA,NA
"T0209",3,NA,NA,NA
"T0210",3,NA,NA,NA
"T0211",3,NA,NA,NA
"T0212",3,NA,NA,NA
"T0213",3,NA,NA,NA
"T0214",3,NA,NA,NA
"T0215",3,NA,NA,NA
"T0216",3,NA,NA,NA
"T0217",3,NA,NA,NA
"T0218",3,NA,NA,NA
"T0219",3,NA,NA,NA
"T0220",3,NA,NA,NA
"T0221",3,NA,NA,NA
"T0222",3,NA,NA,NA
"T0223",3,NA,NA,NA
"T0224",3,NA,NA,NA
"T0225",3,NA,NA,NA
"T0226",3,NA,NA,NA
"T0227",3,NA,NA,NA
"T0228",3,NA,NA,NA
"T0229",3,NA,NA,NA
"T0230",3,NA,NA,NA
"T0231",3,NA,NA,NA
"T0232",3,NA,NA,NA
"T0233",3,NA,NA,NA
"T0234",3,NA,NA,NA
"T0235",3,NA,NA,NA
"T0236",3,NA,NA,NA
"T0237",3,NA,NA,NA
"T0238",3,NA,NA,NA
"T0239",3,NA,NA,NA
"T0240",3,NA,NA,NA
"T0241",3,NA,NA,NA
"T0242",3,NA,NA,NA
"T0243",3,NA,NA,NA
"T0244",3,NA,NA,NA
"T0245",3,NA,NA,NA
"T0246",3,NA,NA,NA
"T0247",3,NA,NA,NA
"T0248",3,NA,NA,NA
"T0249",3,NA,NA,NA
"T0250",3,NA,NA,NA
"T0251",3,NA,NA,NA
"T0252",3,NA,NA,NA
"T0253",3,NA,NA,NA
"T0254",3,NA,NA,NA
"T0255",3,NA,NA,NA
"T0256",3,NA,NA,NA
"T0257",3,NA,NA,NA
"T0258",3,NA,NA,NA
"T0259",3,NA,NA,NA
"T0260",3,NA,NA,NA
"T0261",3,NA,NA,NA
"T0262",3,NA,NA,NA
"T0263",3,NA,NA,NA
"T0264",3,NA,NA,NA
"T0265",3,NA,NA,NA
"T0266",3,NA,NA,NA
"T0267",3,NA,NA,NA
"T0268",3,NA,NA,NA
"T0269",3,NA,NA,NA
"T0270",3,NA,NA,NA
"T0271",3,NA,NA,NA
"T0272",3,NA,NA,NA
"T0273",3,NA,NA,NA
"T0274",3,NA,NA,NA
"T0275",3,NA,NA,NA
"T0276",3,NA,NA,NA
"T0277",3,NA,NA,NA
"T0278",3,NA,NA,NA
"T0279",3,NA,NA,NA
"T0280",3,NA,NA,NA
"T0001",4,NA,NA,NA
"T0002",4,NA,NA,NA
"T0003",4,NA,NA,NA
"T0004",4,NA,NA,NA
"T0005",4,NA,NA,NA
"T0006",4,NA,NA,NA
"T0007",4,NA,NA,NA
"T0008",4,NA,NA,NA
"T0009",4,NA,NA,NA
"T0010",4,NA,NA,NA
"T0011",4,NA,NA,NA
"T0012",4,NA,NA,NA
"T0013",4,NA,NA,NA
"T0014",4,NA,NA,NA
"T0015",4,NA,NA,NA
"T0016",4,NA,NA,NA
"T0017",4,NA,NA,NA
"T0018",4,NA,NA,NA
"T0019",4,NA,NA,NA
"T0020",4,NA,NA,NA
"T0021",4,NA,NA,NA
"T0022",4,NA,NA,NA
"T0023",4,NA,NA,NA
"T0024",4,NA,NA,NA
"T0025",4,NA,NA,NA
"T0026",4,NA,NA,NA
"T0027",4,NA,NA,NA
"T0028",4,NA,NA,NA
"T0029",4,NA,NA,NA
"T0030",4,NA,NA,NA
"T0031",4,NA,NA,NA
"T0032",4,NA,NA,NA
"T0033",4,NA,NA,NA
"T0034",4,NA,NA,NA
"T0035",4,NA,NA,NA
"T0036",4,NA,NA,NA
"T0037",4,NA,NA,NA
"T0038",4,NA,NA,NA
"T0039",4,NA,NA,NA
"T0040",4,NA,NA,NA
"T0041",4,NA,NA,NA
"T0042",4,NA,NA,NA
"T0043",4,NA,NA,NA
"T0044",4,NA,NA,NA
"T0045",4,NA,NA,NA
"T0046",4,NA,NA,NA
"T0047",4,NA,NA,NA
"T0048",4,NA,NA,NA
"T0049",4,NA,NA,NA
"T0050",4,NA,NA,NA
"T0051",4,NA,NA,NA
"T0052",4,NA,NA,NA
"T0053",4,NA,NA,NA
"T0054",4,NA,NA,NA
"T0055",4,NA,NA,NA
"T0056",4,NA,NA,NA
"T0057",4,NA,NA,NA
"T0058",4,NA,NA,NA
"T0059",4,NA,NA,NA
"T0060",4,NA,NA,NA
"T0061",4,NA,NA,NA
"T0062",4,NA,NA,NA
"T0063",4,NA,NA,NA
"T0064",4,NA,NA,NA
"T0065",4,NA,NA,NA
"T0066",4,NA,NA,NA
"T0067",4,NA,NA,NA
"T0068",4,NA,NA,NA
"T0069",4,NA,NA,NA
"T0070",4,NA,NA,NA
"T0071",4,NA,NA,NA
"T0072",4,NA,NA,NA
"T0073",4,NA,NA,NA
"T0074",4,NA,NA,NA
"T0075",4,NA,NA,NA
"T0076",4,NA,NA,NA
"T0077",4,NA,NA,NA
"T0078",4,NA,NA,NA
"T0079",4,NA,NA,NA
"T0080",4,NA,NA,NA
"T0081",4,NA,NA,NA
"T0082",4,NA,NA,NA
"T0083",4,NA,NA,NA
"T0084",4,NA,NA,NA
"T0085",4,NA,NA,NA
"T0086",4,NA,NA,NA
"T0087",4,NA,NA,NA
"T0088",4,NA,NA,NA
"T0089",4,NA,NA,NA
"T0090",4,NA,NA,NA
"T0091",4,NA,NA,NA
"T0092",4,NA,NA,NA
"T0093",4,NA,NA,NA
"T0094",4,NA,NA,NA
"T0095",4,NA,NA,NA
"T0096",4,NA,NA,NA
"T0097",4,NA,NA,NA
"T0098",4,NA,NA,NA
"T0099",4,NA,NA,NA
"T0100",4,NA,NA,NA
"T0101",4,NA,NA,NA
"T0102",4,NA,NA,NA
"T0103",4,NA,NA,NA
"T0104",4,NA,NA,NA
"T0105",4,NA,NA,NA
"T0106",4,NA,NA,NA
"T0107",4,NA,NA,NA
"T0108",4,NA,NA,NA
"T0109",4,NA,NA,NA
"T0110",4,NA,NA,NA
"T0111",4,NA,NA,NA
"T0112",4,NA,NA,NA
"T0113",4,NA,NA,NA
"T0114",4,NA,NA,NA
"T0115",4,NA,NA,NA
"T0116",4,NA,NA,NA
"T0117",4,NA,NA,NA
"T0118",4,NA,NA,NA
"T0119",4,NA,NA,NA
"T0120",4,NA,NA,NA
"T0121",4,NA,NA,NA
"T0122",4,NA,NA,NA
"T0123",4,NA,NA,NA
"T0124",4,NA,NA,NA
"T0125",4,NA,NA,NA
"T0126",4,NA,NA,NA
"T0127",4,NA,NA,NA
"T0128",4,NA,NA,NA
"T0129",4,NA,NA,NA
"T0130",4,NA,NA,NA
"T0131",4,NA,NA,NA
"T0132",4,NA,NA,NA
"T0133",4,NA,NA,NA
"T0134",4,NA,NA,NA
"T0135",4,NA,NA,NA
"T0136",4,NA,NA,NA
"T0137",4,NA,NA,NA
"T0138",4,NA,NA,NA
"T0139",4,NA,NA,NA
"T0140",4,NA,NA,NA
"T0141",4,NA,NA,NA
"T0142",4,NA,NA,NA
"T0143",4,NA,NA,NA
"T0144",4,NA,NA,NA
"T0145",4,NA,NA,NA
"T0146",4,NA,NA,NA
"T0147",4,NA,NA,NA
"T0148",4,NA,NA,NA
"T0149",4,NA,NA,NA
"T0150",4,NA,NA,NA
"T0151",4,NA,NA,NA
"T0152",4,NA,NA,NA
"T0153",4,NA,NA,NA
"T0154",4,NA,NA,NA
"T0155",4,NA,NA,NA
"T0156",4,NA,NA,NA
"T0157",4,NA,NA,NA
"T0158",4,NA,NA,NA
"T0159",4,NA,NA,NA
"T0160",4,NA,NA,NA
"T0161",4,NA,NA,NA
"T0162",4,NA,NA,NA
"T0163",4,NA,NA,NA
"T0164",4,NA,NA,NA
"T0165",4,NA,NA,NA
"T0166",4,NA,NA,NA
"T0167",4,NA,NA,NA
"T0168",4,NA,NA,NA
"T0169",4,NA,NA,NA
"T0170",4,NA,NA,NA
"T0171",4,NA,NA,NA
"T0172",4,NA,NA,NA
"T0173",4,NA,NA,NA
"T0174",4,NA,NA,NA
"T0175",4,NA,NA,NA
"T0176",4,NA,NA,NA
"T0177",4,NA,NA,NA
"T0178",4,NA,NA,NA
"T0179",4,NA,NA,NA
"T0180",4,NA,NA,NA
"T0181",4,NA,NA,NA
"T0182",4,NA,NA,NA
"T0183",4,NA,NA,NA
"T0184",4,NA,NA,NA
"T0185",4,NA,NA,NA
"T0186",4,NA,NA,NA
"T0187",4,NA,NA,NA
"T0188",4,NA,NA,NA
"T0189",4,NA,NA,NA
"T0190",4,NA,NA,NA
"T0191",4,NA,NA,NA
"T0192",4,NA,NA,NA
"T0193",4,NA,NA,NA
"T0194",4,NA,NA,NA
"T0195",4,NA,NA,NA
"T0196",4,NA,NA,NA
"T0197",4,NA,NA,NA
"T0198",4,NA,NA,NA
"T0199",4,NA,NA,NA
"T0200",4,NA,NA,NA
"T0201",4,NA,NA,NA
"T0202",4,NA,NA,NA
"T0203",4,NA,NA,NA
"T0204",4,NA,NA,NA
"T0205",4,NA,NA,NA
"T0206",4,NA,NA,NA
"T0207",4,NA,NA,NA
"T0208",4,NA,NA,NA
"T0209",4,NA,NA,NA
"T0210",4,NA,NA,NA
"T0211",4,NA,NA,NA
"T0212",4,NA,NA,NA
"T0213",4,NA,NA,NA
"T0214",4,NA,NA,NA
"T0215",4,NA,NA,NA
"T0216",4,NA,NA,NA
"T0217",4,NA,NA,NA
"T0218",4,NA,NA,NA
"T0219",4,NA,NA,NA
"T0220",4,NA,NA,NA
"T0221",4,NA,NA,NA
"T0222",4,NA,NA,NA
"T0223",4,NA,NA,NA
"T0224",4,NA,NA,NA
"T0225",4,NA,NA,NA
"T0226",4,NA,NA,NA
"T0227",4,NA,NA,NA
"T0228",4,NA,NA,NA
"T0229",4,NA,NA,NA
"T0230",4,NA,NA,NA
"T0231",4,NA,NA,NA
"T0232",4,NA,NA,NA
"T0233",4,NA,NA,NA
"T0234",4,NA,NA,NA
"T0235",4,NA,NA,NA
"T0236",4,NA,NA,NA
"T0237",4,NA,NA,NA
"T0238",4,NA,NA,NA
"T0239",4,NA,NA,NA
"T0240",4,NA,NA,NA
"T0241",4,NA,NA,NA
"T0242",4,NA,NA,NA
"T0243",4,NA,NA,NA
"T0244",4,NA,NA,NA
"T0245",4,NA,NA,NA
"T0246",4,NA,NA,NA
"T0247",4,NA,NA,NA
"T0248",4,NA,NA,NA
"T0249",4,NA,NA,NA
"T0250",4,NA,NA,NA
"T0251",4,NA,NA,NA
"T0252",4,NA,NA,NA
"T0253",4,NA,NA,NA
"T0254",4,NA,NA,NA
"T0255",4,NA,NA,NA
"T0256",4,NA,NA,NA
"T0257",4,NA,NA,NA
"T0258",4,NA,NA,NA
"T0259",4,NA,NA,NA
"T0260",4,NA,NA,NA
"T0261",4,NA,NA,NA
"T0262",4,NA,NA,NA
"T0263",4,NA,NA,NA
"T0264",4,NA,NA,NA
"T0265",4,NA,NA,NA
"T0266",4,NA,NA,NA
"T0267",4,NA,NA,NA
"T0268",4,NA,NA,NA
"T0269",4,NA,NA,NA
"T0270",4,NA,NA,NA
"T0271",4,NA,NA,NA
"T0272",4,NA,NA,NA
"T0273",4,NA,NA,NA
"T0274",4,NA,NA,NA
"T0275",4,NA,NA,NA
"T0276",4,NA,NA,NA
"T0277",4,NA,NA,NA
"T0278",4,NA,NA,NA
"T0279",4,NA,NA,NA
"T0280",4,NA,NA,NA
"T0001",5,NA,NA,NA
"T0002",5,NA,NA,NA
"T0003",5,NA,NA,NA
"T0004",5,NA,NA,NA
"T0005",5,NA,NA,NA
"T0006",5,NA,NA,NA
"T0007",5,NA,NA,NA
"T0008",5,NA,NA,NA
"T0009",5,NA,NA,NA
"T0010",5,NA,NA,NA
"T0011",5,NA,NA,NA
"T0012",5,NA,NA,NA
"T0013",5,NA,NA,NA
"T0014",5,NA,NA,NA
"T0015",5,NA,NA,NA
"T0016",5,NA,NA,NA
"T0017",5,NA,NA,NA
"T0018",5,NA,NA,NA
"T0019",5,NA,NA,NA
"T0020",5,NA,NA,NA
"T0021",5,NA,NA,NA
"T0022",5,NA,NA,NA
"T0023",5,NA,NA,NA
"T0024",5,NA,NA,NA
"T0025",5,NA,NA,NA
"T0026",5,NA,NA,NA
"T0027",5,NA,NA,NA
"T0028",5,NA,NA,NA
"T0029",5,NA,NA,NA
"T0030",5,NA,NA,NA
"T0031",5,NA,NA,NA
"T0032",5,NA,NA,NA
"T0033",5,NA,NA,NA
"T0034",5,NA,NA,NA
"T0035",5,NA,NA,NA
"T0036",5,NA,NA,NA
"T0037",5,NA,NA,NA
"T0038",5,NA,NA,NA
"T0039",5,NA,NA,NA
"T0040",5,NA,NA,NA
"T0041",5,NA,NA,NA
"T0042",5,NA,NA,NA
"T0043",5,NA,NA,NA
"T0044",5,NA,NA,NA
"T0045",5,NA,NA,NA
"T0046",5,NA,NA,NA
"T0047",5,NA,NA,NA
"T0048",5,NA,NA,NA
"T0049",5,NA,NA,NA
"T0050",5,NA,NA,NA
"T0051",5,NA,NA,NA
"T0052",5,NA,NA,NA
"T0053",5,NA,NA,NA
"T0054",5,NA,NA,NA
"T0055",5,NA,NA,NA
"T0056",5,NA,NA,NA
"T0057",5,NA,NA,NA
"T0058",5,NA,NA,NA
"T0059",5,NA,NA,NA
"T0060",5,NA,NA,NA
"T0061",5,NA,NA,NA
"T0062",5,NA,NA,NA
"T0063",5,NA,NA,NA
"T0064",5,NA,NA,NA
"T0065",5,NA,NA,NA
"T0066",5,NA,NA,NA
"T0067",5,NA,NA,NA
"T0068",5,NA,NA,NA
"T0069",5,NA,NA,NA
"T0070",5,NA,NA,NA
"T0071",5,NA,NA,NA
"T0072",5,NA,NA,NA
"T0073",5,NA,NA,NA
"T0074",5,NA,NA,NA
"T0075",5,NA,NA,NA
"T0076",5,NA,NA,NA
"T0077",5,NA,NA,NA
"T0078",5,NA,NA,NA
"T0079",5,NA,NA,NA
"T0080",5,NA,NA,NA
"T0081",5,NA,NA,NA
"T0082",5,NA,NA,NA
"T0083",5,NA,NA,NA
"T0084",5,NA,NA,NA
"T0085",5,NA,NA,NA
"T0086",5,NA,NA,NA
"T0087",5,NA,NA,NA
"T0088",5,NA,NA,NA
"T0089",5,NA,NA,NA
"T0090",5,NA,NA,NA
"T0091",5,NA,NA,NA
"T0092",5,NA,NA,NA
"T0093",5,NA,NA,NA
"T0094",5,NA,NA,NA
"T0095",5,NA,NA,NA
"T0096",5,NA,NA,NA
"T0097",5,NA,NA,NA
"T0098",5,NA,NA,NA
"T0099",5,NA,NA,NA
"T0100",5,NA,NA,NA
"T0101",5,NA,NA,NA
"T0102",5,NA,NA,NA
"T0103",5,NA,NA,NA
"T0104",5,NA,NA,NA
"T0105",5,NA,NA,NA
"T0106",5,NA,NA,NA
"T0107",5,NA,NA,NA
"T0108",5,NA,NA,NA
"T0109",5,NA,NA,NA
"T0110",5,NA,NA,NA
"T0111",5,NA,NA,NA
"T0112",5,NA,NA,NA
"T0113",5,NA,NA,NA
"T0114",5,NA,NA,NA
"T0115",5,NA,NA,NA
"T0116",5,NA,NA,NA
"T0117",5,NA,NA,NA
"T0118",5,NA,NA,NA
"T0119",5,NA,NA,NA
"T0120",5,NA,NA,NA
"T0121",5,NA,NA,NA
"T0122",5,NA,NA,NA
"T0123",5,NA,NA,NA
"T0124",5,NA,NA,NA
"T0125",5,NA,NA,NA
"T0126",5,NA,NA,NA
"T0127",5,NA,NA,NA
"T0128",5,NA,NA,NA
"T0129",5,NA,NA,NA
"T0130",5,NA,NA,NA
"T0131",5,NA,NA,NA
"T0132",5,NA,NA,NA
"T0133",5,NA,NA,NA
"T0134",5,NA,NA,NA
"T0135",5,NA,NA,NA
"T0136",5,NA,NA,NA
"T0137",5,NA,NA,NA
"T0138",5,NA,NA,NA
"T0139",5,NA,NA,NA
"T0140",5,NA,NA,NA
"T0141",5,NA,NA,NA
"T0142",5,NA,NA,NA
"T0143",5,NA,NA,NA
"T0144",5,NA,NA,NA
"T0145",5,NA,NA,NA
"T0146",5,NA,NA,NA
"T0147",5,NA,NA,NA
"T0148",5,NA,NA,NA
"T0149",5,NA,NA,NA
"T0150",5,NA,NA,NA
"T0151",5,NA,NA,NA
"T0152",5,NA,NA,NA
"T0153",5,NA,NA,NA
"T0154",5,NA,NA,NA
"T0155",5,NA,NA,NA
"T0156",5,NA,NA,NA
"T0157",5,NA,NA,NA
"T0158",5,NA,NA,NA
"T0159",5,NA,NA,NA
"T0160",5,NA,NA,NA
"T0161",5,NA,NA,NA
"T0162",5,NA,NA,NA
"T0163",5,NA,NA,NA
"T0164",5,NA,NA,NA
"T0165",5,NA,NA,NA
"T0166",5,NA,NA,NA
"T0167",5,NA,NA,NA
"T0168",5,NA,NA,NA
"T0169",5,NA,NA,NA
"T0170",5,NA,NA,NA
"T0171",5,NA,NA,NA
"T0172",5,NA,NA,NA
"T0173",5,NA,NA,NA
"T0174",5,NA,NA,NA
"T0175",5,NA,NA,NA
"T0176",5,NA,NA,NA
"T0177",5,NA,NA,NA
"T0178",5,NA,NA,NA
"T0179",5,NA,NA,NA
"T0180",5,NA,NA,NA
"T0181",5,NA,NA,NA
"T0182",5,NA,NA,NA
"T0183",5,NA,NA,NA
"T0184",5,NA,NA,NA
"T0185",5,NA,NA,NA
"T0186",5,NA,NA,NA
"T0187",5,NA,NA,NA
"T0188",5,NA,NA,NA
"T0189",5,NA,NA,NA
"T0190",5,NA,NA,NA
"T0191",5,NA,NA,NA
"T0192",5,NA,NA,NA
"T0193",5,NA,NA,NA
"T0194",5,NA,NA,NA
"T0195",5,NA,NA,NA
"T0196",5,NA,NA,NA
"T0197",5,NA,NA,NA
"T0198",5,NA,NA,NA
"T0199",5,NA,NA,NA
"T0200",5,NA,NA,NA
"T0201",5,NA,NA,NA
"T0202",5,NA,NA,NA
"T0203",5,NA,NA,NA
"T0204",5,NA,NA,NA
"T0205",5,NA,NA,NA
"T0206",5,NA,NA,NA
"T0207",5,NA,NA,NA
"T0208",5,NA,NA,NA
"T0209",5,NA,NA,NA
"T0210",5,NA,NA,NA
"T0211",5,NA,NA,NA
"T0212",5,NA,NA,NA
"T0213",5,NA,NA,NA
"T0214",5,NA,NA,NA
"T0215",5,NA,NA,NA
"T0216",5,NA,NA,NA
"T0217",5,NA,NA,NA
"T0218",5,NA,NA,NA
"T0219",5,NA,NA,NA
"T0220",5,NA,NA,NA
"T0221",5,NA,NA,NA
"T0222",5,NA,NA,NA
"T0223",5,NA,NA,NA
"T0224",5,NA,NA,NA
"T0225",5,NA,NA,NA
"T0226",5,NA,NA,NA
"T0227",5,NA,NA,NA
"T0228",5,NA,NA,NA
"T0229",5,NA,NA,NA
"T0230",5,NA,NA,NA
"T0231",5,NA,NA,NA
"T0232",5,NA,NA,NA
"T0233",5,NA,NA,NA
"T0234",5,NA,NA,NA
"T0235",5,NA,NA,NA
"T0236",5,NA,NA,NA
"T0237",5,NA,NA,NA
"T0238",5,NA,NA,NA
"T0239",5,NA,NA,NA
"T0240",5,NA,NA,NA
"T0241",5,NA,NA,NA
"T0242",5,NA,NA,NA
"T0243",5,NA,NA,NA
"T0244",5,NA,NA,NA
"T0245",5,NA,NA,NA
"T0246",5,NA,NA,NA
"T0247",5,NA,NA,NA
"T0248",5,NA,NA,NA
"T0249",5,NA,NA,NA
"T0250",5,NA,NA,NA
"T0251",5,NA,NA,NA
"T0252",5,NA,NA,NA
"T0253",5,NA,NA,NA
"T0254",5,NA,NA,NA
"T0255",5,NA,NA,NA
"T0256",5,NA,NA,NA
"T0257",5,NA,NA,NA
"T0258",5,NA,NA,NA
"T0259",5,NA,NA,NA
"T0260",5,NA,NA,NA
"T0261",5,NA,NA,NA
"T0262",5,NA,NA,NA
"T0263",5,NA,NA,NA
"T0264",5,NA,NA,NA
"T0265",5,NA,NA,NA
"T0266",5,NA,NA,NA
"T0267",5,NA,NA,NA
"T0268",5,NA,NA,NA
"T0269",5,NA,NA,NA
"T0270",5,NA,NA,NA
"T0271",5,NA,NA,NA
"T0272",5,NA,NA,NA
"T0273",5,NA,NA,NA
"T0274",5,NA,NA,NA
"T0275",5,NA,NA,NA
"T0276",5,NA,NA,NA
"T0277",5,NA,NA,NA
"T0278",5,NA,NA,NA
"T0279",5,NA,NA,NA
"T0280",5,NA,NA,NA
"T0001",6,NA,NA,NA
"T0002",6,NA,NA,NA
"T0003",6,NA,NA,NA
"T0004",6,NA,NA,NA
"T0005",6,NA,NA,NA
"T0006",6,NA,NA,NA
"T0007",6,NA,NA,NA
"T0008",6,NA,NA,NA
"T0009",6,NA,NA,NA
"T0010",6,NA,NA,NA
"T0011",6,NA,NA,NA
"T0012",6,NA,NA,NA
"T0013",6,NA,NA,NA
"T0014",6,NA,NA,NA
"T0015",6,NA,NA,NA
"T0016",6,NA,NA,NA
"T0017",6,NA,NA,NA
"T0018",6,NA,NA,NA
"T0019",6,NA,NA,NA
"T0020",6,NA,NA,NA
"T0021",6,NA,NA,NA
"T0022",6,NA,NA,NA
"T0023",6,NA,NA,NA
"T0024",6,NA,NA,NA
"T0025",6,NA,NA,NA
"T0026",6,NA,NA,NA
"T0027",6,NA,NA,NA
"T0028",6,NA,NA,NA
"T0029",6,NA,NA,NA
"T0030",6,NA,NA,NA
"T0031",6,NA,NA,NA
"T0032",6,NA,NA,NA
"T0033",6,NA,NA,NA
"T0034",6,NA,NA,NA
"T0035",6,NA,NA,NA
"T0036",6,NA,NA,NA
"T0037",6,NA,NA,NA
"T0038",6,NA,NA,NA
"T0039",6,NA,NA,NA
"T0040",6,NA,NA,NA
"T0041",6,NA,NA,NA
"T0042",6,NA,NA,NA
"T0043",6,NA,NA,NA
"T0044",6,NA,NA,NA
"T0045",6,NA,NA,NA
"T0046",6,NA,NA,NA
"T0047",6,NA,NA,NA
"T0048",6,NA,NA,NA
"T0049",6,NA,NA,NA
"T0050",6,NA,NA,NA
"T0051",6,NA,NA,NA
"T0052",6,NA,NA,NA
"T0053",6,NA,NA,NA
"T0054",6,NA,NA,NA
"T0055",6,NA,NA,NA
"T0056",6,NA,NA,NA
"T0057",6,NA,NA,NA
"T0058",6,NA,NA,NA
"T0059",6,NA,NA,NA
"T0060",6,NA,NA,NA
"T0061",6,NA,NA,NA
"T0062",6,NA,NA,NA
"T0063",6,NA,NA,NA
"T0064",6,NA,NA,NA
"T0065",6,NA,NA,NA
"T0066",6,NA,NA,NA
"T0067",6,NA,NA,NA
"T0068",6,NA,NA,NA
"T0069",6,NA,NA,NA
"T0070",6,NA,NA,NA
"T0071",6,NA,NA,NA
"T0072",6,NA,NA,NA
"T0073",6,NA,NA,NA
"T0074",6,NA,NA,NA
"T0075",6,NA,NA,NA
"T0076",6,NA,NA,NA
"T0077",6,NA,NA,NA
"T0078",6,NA,NA,NA
"T0079",6,NA,NA,NA
"T0080",6,NA,NA,NA
"T0081",6,NA,NA,NA
"T0082",6,NA,NA,NA
"T0083",6,NA,NA,NA
"T0084",6,NA,NA,NA
"T0085",6,NA,NA,NA
"T0086",6,NA,NA,NA
"T0087",6,NA,NA,NA
"T0088",6,NA,NA,NA
"T0089",6,NA,NA,NA
"T0090",6,NA,NA,NA
"T0091",6,NA,NA,NA
"T0092",6,NA,NA,NA
"T0093",6,NA,NA,NA
"T0094",6,NA,NA,NA
"T0095",6,NA,NA,NA
"T0096",6,NA,NA,NA
"T0097",6,NA,NA,NA
"T0098",6,NA,NA,NA
"T0099",6,NA,NA,NA
"T0100",6,NA,NA,NA
"T0101",6,NA,NA,NA
"T0102",6,NA,NA,NA
"T0103",6,NA,NA,NA
"T0104",6,NA,NA,NA
"T0105",6,NA,NA,NA
"T0106",6,NA,NA,NA
"T0107",6,NA,NA,NA
"T0108",6,NA,NA,NA
"T0109",6,NA,NA,NA
"T0110",6,NA,NA,NA
"T0111",6,NA,NA,NA
"T0112",6,NA,NA,NA
"T0113",6,NA,NA,NA
"T0114",6,NA,NA,NA
"T0115",6,NA,NA,NA
"T0116",6,NA,NA,NA
"T0117",6,NA,NA,NA
"T0118",6,NA,NA,NA
"T0119",6,NA,NA,NA
"T0120",6,NA,NA,NA
"T0121",6,NA,NA,NA
"T0122",6,NA,NA,NA
"T0123",6,NA,NA,NA
"T0124",6,NA,NA,NA
"T0125",6,NA,NA,NA
"T0126",6,NA,NA,NA
"T0127",6,NA,NA,NA
"T0128",6,NA,NA,NA
"T0129",6,NA,NA,NA
"T0130",6,NA,NA,NA
"T0131",6,NA,NA,NA
"T0132",6,NA,NA,NA
"T0133",6,NA,NA,NA
"T0134",6,NA,NA,NA
"T0135",6,NA,NA,NA
"T0136",6,NA,NA,NA
"T0137",6,NA,NA,NA
"T0138",6,NA,NA,NA
"T0139",6,NA,NA,NA
"T0140",6,NA,NA,NA
"T0141",6,NA,NA,NA
"T0142",6,NA,NA,NA
"T0143",6,NA,NA,NA
"T0144",6,NA,NA,NA
"T0145",6,NA,NA,NA
"T0146",6,NA,NA,NA
"T0147",6,NA,NA,NA
"T0148",6,NA,NA,NA
"T0149",6,NA,NA,NA
"T0150",6,NA,NA,NA
"T0151",6,NA,NA,NA
"T0152",6,NA,NA,NA
"T0153",6,NA,NA,NA
"T0154",6,NA,NA,NA
"T0155",6,NA,NA,NA
"T0156",6,NA,NA,NA
"T0157",6,NA,NA,NA
"T0158",6,NA,NA,NA
"T0159",6,NA,NA,NA
"T0160",6,NA,NA,NA
"T0161",6,NA,NA,NA
"T0162",6,NA,NA,NA
"T0163",6,NA,NA,NA
"T0164",6,NA,NA,NA
"T0165",6,NA,NA,NA
"T0166",6,NA,NA,NA
"T0167",6,NA,NA,NA
"T0168",6,NA,NA,NA
"T0169",6,NA,NA,NA
"T0170",6,NA,NA,NA
"T0171",6,NA,NA,NA
"T0172",6,NA,NA,NA
"T0173",6,NA,NA,NA
"T0174",6,NA,NA,NA
"T0175",6,NA,NA,NA
"T0176",6,NA,NA,NA
"T0177",6,NA,NA,NA
"T0178",6,NA,NA,NA
"T0179",6,NA,NA,NA
"T0180",6,NA,NA,NA
"T0181",6,NA,NA,NA
"T0182",6,NA,NA,NA
"T0183",6,NA,NA,NA
"T0184",6,NA,NA,NA
"T0185",6,NA,NA,NA
"T0186",6,NA,NA,NA
"T0187",6,NA,NA,NA
"T0188",6,NA,NA,NA
"T0189",6,NA,NA,NA
"T0190",6,NA,NA,NA
"T0191",6,NA,NA,NA
"T0192",6,NA,NA,NA
"T0193",6,NA,NA,NA
"T0194",6,NA,NA,NA
"T0195",6,NA,NA,NA
"T0196",6,NA,NA,NA
"T0197",6,NA,NA,NA
"T0198",6,NA,NA,NA
"T0199",6,NA,NA,NA
"T0200",6,NA,NA,NA
"T0201",6,NA,NA,NA
"T0202",6,NA,NA,NA
"T0203",6,NA,NA,NA
"T0204",6,NA,NA,NA
"T0205",6,NA,NA,NA
"T0206",6,NA,NA,NA
"T0207",6,NA,NA,NA
"T0208",6,NA,NA,NA
"T0209",6,NA,NA,NA
"T0210",6,NA,NA,NA
"T0211",6,NA,NA,NA
"T0212",6,NA,NA,NA
"T0213",6,NA,NA,NA
"T0214",6,NA,NA,NA
"T0215",6,NA,NA,NA
"T0216",6,NA,NA,NA
"T0217",6,NA,NA,NA
"T0218",6,NA,NA,NA
"T0219",6,NA,NA,NA
"T0220",6,NA,NA,NA
"T0221",6,NA,NA,NA
"T0222",6,NA,NA,NA
"T0223",6,NA,NA,NA
"T0224",6,NA,NA,NA
"T0225",6,NA,NA,NA
"T0226",6,NA,NA,NA
"T0227",6,NA,NA,NA
"T0228",6,NA,NA,NA
"T0229",6,NA,NA,NA
"T0230",6,NA,NA,NA
"T0231",6,NA,NA,NA
"T0232",6,NA,NA,NA
"T0233",6,NA,NA,NA
"T0234",6,NA,NA,NA
"T0235",6,NA,NA,NA
"T0236",6,NA,NA,NA
"T0237",6,NA,NA,NA
"T0238",6,NA,NA,NA
"T0239",6,NA,NA,NA
"T0240",6,NA,NA,NA
"T0241",6,NA,NA,NA
"T0242",6,NA,NA,NA
"T0243",6,NA,NA,NA
"T0244",6,NA,NA,NA
"T0245",6,NA,NA,NA
"T0246",6,NA,NA,NA
"T0247",6,NA,NA,NA
"T0248",6,NA,NA,NA
"T0249",6,NA,NA,NA
"T0250",6,NA,NA,NA
"T0251",6,NA,NA,NA
"T0252",6,NA,NA,NA
"T0253",6,NA,NA,NA
"T0254",6,NA,NA,NA
"T0255",6,NA,NA,NA
"T0256",6,NA,NA,NA
"T0257",6,NA,NA,NA
"T0258",6,NA,NA,NA
"T0259",6,NA,NA,NA
"T0260",6,NA,NA,NA
"T0261",6,NA,NA,NA
"T0262",6,NA,NA,NA
"T0263",6,NA,NA,NA
"T0264",6,NA,NA,NA
"T0265",6,NA,NA,NA
"T0266",6,NA,NA,NA
"T0267",6,NA,NA,NA
"T0268",6,NA,NA,NA
"T0269",6,NA,NA,NA
"T0270",6,NA,NA,NA
"T0271",6,NA,NA,NA
"T0272",6,NA,NA,NA
"T0273",6,NA,NA,NA
"T0274",6,NA,NA,NA
"T0275",6,NA,NA,NA
"T0276",6,NA,NA,NA
"T0277",6,NA,NA,NA
"T0278",6,NA,NA,NA
"T0279",6,NA,NA,NA
"T0280",6,NA,NA,NA
